questions_ids	answers_ids	questions_url	answers_url
9942594	9942822	https://stackoverflow.com/questions/9942594	https://stackoverflow.com/a/9942822
34283178	34283957	https://stackoverflow.com/questions/34283178	https://stackoverflow.com/a/34283957
2136267	2136323	https://stackoverflow.com/questions/2136267	https://stackoverflow.com/a/2136323
11783875	11784778	https://stackoverflow.com/questions/11783875	https://stackoverflow.com/a/11784778
6287529	6287601	https://stackoverflow.com/questions/6287529	https://stackoverflow.com/a/6287601
2612548	2612577	https://stackoverflow.com/questions/2612548	https://stackoverflow.com/a/2612577
11205386	11205758	https://stackoverflow.com/questions/11205386	https://stackoverflow.com/a/11205758
31137552	31137935	https://stackoverflow.com/questions/31137552	https://stackoverflow.com/a/31137935
866000	866050	https://stackoverflow.com/questions/866000	https://stackoverflow.com/a/866050
5015483	5017483	https://stackoverflow.com/questions/5015483	https://stackoverflow.com/a/5017483
25729589	25729636	https://stackoverflow.com/questions/25729589	https://stackoverflow.com/a/25729636
13866926	13867319	https://stackoverflow.com/questions/13866926	https://stackoverflow.com/a/13867319
12578908	12857584	https://stackoverflow.com/questions/12578908	https://stackoverflow.com/a/12857584
44109	44178	https://stackoverflow.com/questions/44109	https://stackoverflow.com/a/44178
7446187	10538412	https://stackoverflow.com/questions/7446187	https://stackoverflow.com/a/10538412
324477	325038	https://stackoverflow.com/questions/324477	https://stackoverflow.com/a/325038
6358030	6358121	https://stackoverflow.com/questions/6358030	https://stackoverflow.com/a/6358121
5870537	5891861	https://stackoverflow.com/questions/5870537	https://stackoverflow.com/a/5891861
2201598	2201687	https://stackoverflow.com/questions/2201598	https://stackoverflow.com/a/2201687
15980302	15980462	https://stackoverflow.com/questions/15980302	https://stackoverflow.com/a/15980462
16047306	16048358	https://stackoverflow.com/questions/16047306	https://stackoverflow.com/a/16048358
16647069	16761439	https://stackoverflow.com/questions/16647069	https://stackoverflow.com/a/16761439
22907231	31971697	https://stackoverflow.com/questions/22907231	https://stackoverflow.com/a/31971697
18496940	20652410	https://stackoverflow.com/questions/18496940	https://stackoverflow.com/a/20652410
16840409	16842203	https://stackoverflow.com/questions/16840409	https://stackoverflow.com/a/16842203
17665283	17870293	https://stackoverflow.com/questions/17665283	https://stackoverflow.com/a/17870293
35594987	35595021	https://stackoverflow.com/questions/35594987	https://stackoverflow.com/a/35595021
25211198	25214186	https://stackoverflow.com/questions/25211198	https://stackoverflow.com/a/25214186
21889053	26149994	https://stackoverflow.com/questions/21889053	https://stackoverflow.com/a/26149994
22111060	22150099	https://stackoverflow.com/questions/22111060	https://stackoverflow.com/a/22150099
26153686	27708039	https://stackoverflow.com/questions/26153686	https://stackoverflow.com/a/27708039
59340426	59345125	https://stackoverflow.com/questions/59340426	https://stackoverflow.com/a/59345125
6841333	6841479	https://stackoverflow.com/questions/6841333	https://stackoverflow.com/a/6841479
309424	309448	https://stackoverflow.com/questions/309424	https://stackoverflow.com/a/309448
40471	40878	https://stackoverflow.com/questions/40471	https://stackoverflow.com/a/40878
157944	157950	https://stackoverflow.com/questions/157944	https://stackoverflow.com/a/157950
8881291	8881376	https://stackoverflow.com/questions/8881291	https://stackoverflow.com/a/8881376
1066589	1066603	https://stackoverflow.com/questions/1066589	https://stackoverflow.com/a/1066603
46898	46908	https://stackoverflow.com/questions/46898	https://stackoverflow.com/a/46908
5585779	5585800	https://stackoverflow.com/questions/5585779	https://stackoverflow.com/a/5585800
1005073	1005083	https://stackoverflow.com/questions/1005073	https://stackoverflow.com/a/1005083
34571	34658	https://stackoverflow.com/questions/34571	https://stackoverflow.com/a/34658
6343166	6343299	https://stackoverflow.com/questions/6343166	https://stackoverflow.com/a/6343299
65035	65049	https://stackoverflow.com/questions/65035	https://stackoverflow.com/a/65049
574594	574650	https://stackoverflow.com/questions/574594	https://stackoverflow.com/a/574650
1128723	1128728	https://stackoverflow.com/questions/1128723	https://stackoverflow.com/a/1128728
1200621	1200646	https://stackoverflow.com/questions/1200621	https://stackoverflow.com/a/1200646
8683018	10551663	https://stackoverflow.com/questions/8683018	https://stackoverflow.com/a/10551663
244164	244177	https://stackoverflow.com/questions/244164	https://stackoverflow.com/a/244177
52454259	52455048	https://stackoverflow.com/questions/52454259	https://stackoverflow.com/a/52455048
21971449	34058270	https://stackoverflow.com/questions/21971449	https://stackoverflow.com/a/34058270
21034373	21034906	https://stackoverflow.com/questions/21034373	https://stackoverflow.com/a/21034906
37085665	39070588	https://stackoverflow.com/questions/37085665	https://stackoverflow.com/a/39070588
10628262	10628360	https://stackoverflow.com/questions/10628262	https://stackoverflow.com/a/10628360
31855794	33248969	https://stackoverflow.com/questions/31855794	https://stackoverflow.com/a/33248969
45662253	45662992	https://stackoverflow.com/questions/45662253	https://stackoverflow.com/a/45662992
21151450	21156856	https://stackoverflow.com/questions/21151450	https://stackoverflow.com/a/21156856
36786722	36835741	https://stackoverflow.com/questions/36786722	https://stackoverflow.com/a/36835741
48814309	48814356	https://stackoverflow.com/questions/48814309	https://stackoverflow.com/a/48814356
43288550	43420383	https://stackoverflow.com/questions/43288550	https://stackoverflow.com/a/43420383
12544056	13055551	https://stackoverflow.com/questions/12544056	https://stackoverflow.com/a/13055551
12544056	13055551	https://stackoverflow.com/questions/12544056	https://stackoverflow.com/a/13055551
21151450	21156856	https://stackoverflow.com/questions/21151450	https://stackoverflow.com/a/21156856
38987	26853961	https://stackoverflow.com/questions/38987	https://stackoverflow.com/a/26853961
136097	1669524	https://stackoverflow.com/questions/136097	https://stackoverflow.com/a/1669524
53513	53522	https://stackoverflow.com/questions/53513	https://stackoverflow.com/a/53522
952914	952952	https://stackoverflow.com/questions/952914	https://stackoverflow.com/a/952952
423379	423596	https://stackoverflow.com/questions/423379	https://stackoverflow.com/a/423596
3294889	3294899	https://stackoverflow.com/questions/3294889	https://stackoverflow.com/a/3294899
1602934	1602964	https://stackoverflow.com/questions/1602934	https://stackoverflow.com/a/1602964
986006	986145	https://stackoverflow.com/questions/986006	https://stackoverflow.com/a/986145
4750806	12476379	https://stackoverflow.com/questions/4750806	https://stackoverflow.com/a/12476379
1132941	1145781	https://stackoverflow.com/questions/1132941	https://stackoverflow.com/a/1145781
28064634	28069274	https://stackoverflow.com/questions/28064634	https://stackoverflow.com/a/28069274
30972029	30982811	https://stackoverflow.com/questions/30972029	https://stackoverflow.com/a/30982811
24645153	36475297	https://stackoverflow.com/questions/24645153	https://stackoverflow.com/a/36475297
22409855	22410974	https://stackoverflow.com/questions/22409855	https://stackoverflow.com/a/22410974
40704484	40704570	https://stackoverflow.com/questions/40704484	https://stackoverflow.com/a/40704570
28501072	28501150	https://stackoverflow.com/questions/28501072	https://stackoverflow.com/a/28501150
34842405	41074531	https://stackoverflow.com/questions/34842405	https://stackoverflow.com/a/41074531
2334712	2334741	https://stackoverflow.com/questions/2334712	https://stackoverflow.com/a/2334741
60174	60496	https://stackoverflow.com/questions/60174	https://stackoverflow.com/a/60496
1108	1130	https://stackoverflow.com/questions/1108	https://stackoverflow.com/a/1130
194852	545672	https://stackoverflow.com/questions/194852	https://stackoverflow.com/a/545672
2594829	2594855	https://stackoverflow.com/questions/2594829	https://stackoverflow.com/a/2594855
63447	63480	https://stackoverflow.com/questions/63447	https://stackoverflow.com/a/63480
3305561	3305687	https://stackoverflow.com/questions/3305561	https://stackoverflow.com/a/3305687
16481379	16481475	https://stackoverflow.com/questions/16481379	https://stackoverflow.com/a/16481475
42648	42655	https://stackoverflow.com/questions/42648	https://stackoverflow.com/a/42655
337704	337817	https://stackoverflow.com/questions/337704	https://stackoverflow.com/a/337817
470542	26051830	https://stackoverflow.com/questions/470542	https://stackoverflow.com/a/26051830
20403403	20404324	https://stackoverflow.com/questions/20403403	https://stackoverflow.com/a/20404324
6467216	6467253	https://stackoverflow.com/questions/6467216	https://stackoverflow.com/a/6467253
38009682	38019608	https://stackoverflow.com/questions/38009682	https://stackoverflow.com/a/38019608
33633370	33633839	https://stackoverflow.com/questions/33633370	https://stackoverflow.com/a/33633839
38549253	38549357	https://stackoverflow.com/questions/38549253	https://stackoverflow.com/a/38549357
33610685	33610914	https://stackoverflow.com/questions/33610685	https://stackoverflow.com/a/33610914
34619177	44103248	https://stackoverflow.com/questions/34619177	https://stackoverflow.com/a/44103248
41711190	41712013	https://stackoverflow.com/questions/41711190	https://stackoverflow.com/a/41712013
37098546	37102908	https://stackoverflow.com/questions/37098546	https://stackoverflow.com/a/37102908
34642595	34643081	https://stackoverflow.com/questions/34642595	https://stackoverflow.com/a/34643081
37660312	37660913	https://stackoverflow.com/questions/37660312	https://stackoverflow.com/a/37660913
44623184	46268531	https://stackoverflow.com/questions/44623184	https://stackoverflow.com/a/46268531
